fruta,precio_medio
Pitaya,3.5172010102123674
Peach,3.5158334407957414
Pear,3.515153310613893
Orange,3.514810095477756
Kiwi,3.509382508903829
Pomegranate,3.5061400852788775
Persimmon,3.504982894397258
Guava,3.5001374924093636
Mango,3.496644806634368
Banana,3.4953465244045305
Apple,3.4893145686935974
muskmelon,3.4871344447593624
Carambola,3.4840990472507007
Plum,3.4819690258090836
Tomatoes,3.451944538735757
